20200207;73;07;39;96;82;28;95;53;26;90;06;72;79;02;74;59;43;48;21;43;18;19;49;40;71;18;12;
20200208;91;12;88;40;00;56;65;39;81;91;20;31;25;30;02;78;97;71;51;42;54;16;41;15;59;64;52;
20200209;47;43;00;08;81;39;61;23;94;51;78;15;60;68;71;47;92;17;66;09;73;43;17;04;78;48;87;
20200210;45;06;19;21;78;84;60;77;62;57;02;59;96;98;41;78;26;01;02;76;84;97;25;69;99;64;83;
20200211;96;52;63;05;94;63;96;16;05;54;37;97;11;55;33;64;94;11;36;86;68;94;93;70;03;36;84;
20200212;47;97;38;77;48;19;44;54;65;81;96;80;59;49;61;29;55;97;22;64;68;43;62;64;71;47;49;
20200213;32;08;23;36;73;34;54;69;30;89;13;31;69;85;22;56;96;77;13;24;28;06;06;05;29;76;07;
20200214;55;02;63;90;04;12;74;69;05;83;41;89;99;83;92;05;25;88;62;44;69;88;21;34;68;33;70;
20200215;17;46;08;27;88;32;78;50;76;43;57;20;51;60;96;63;32;40;48;46;48;40;43;41;30;88;99;
20200216;76;32;49;94;67;84;56;23;89;89;23;33;93;40;78;73;95;77;54;81;05;37;04;49;92;75;51;
20200217;17;56;68;70;12;09;90;57;89;49;53;21;77;65;50;04;04;41;78;10;77;70;35;70;42;23;92;
20200218;16;33;79;42;75;92;76;73;91;16;53;50;12;09;26;02;01;87;71;73;70;64;03;48;41;40;59;
20200219;98;53;35;65;57;73;69;33;60;99;76;11;82;39;10;93;15;17;50;57;45;59;75;85;37;52;50;
20200220;04;61;06;36;42;68;89;67;15;14;49;07;44;15;99;55;91;95;48;05;83;94;94;93;31;40;22;
20200221;89;41;78;40;84;01;18;01;61;05;19;05;74;95;29;66;65;62;85;32;74;66;33;57;40;61;67;
20200222;47;40;53;68;99;19;73;34;63;87;86;15;23;76;14;91;34;89;70;95;78;84;57;33;60;62;32;
20200223;44;04;02;40;97;08;78;69;03;75;61;20;07;57;68;76;63;26;75;71;77;65;75;42;73;24;38;
20200224;09;06;60;89;49;41;54;70;41;21;50;46;51;13;38;19;34;63;37;37;11;23;35;31;68;80;65;
20200225;76;91;79;99;11;39;87;05;87;23;93;79;68;61;40;06;18;42;04;77;48;66;72;50;76;24;36;
20200226;46;19;34;14;80;98;82;05;51;12;70;64;16;63;14;91;82;30;87;53;03;10;62;83;96;47;19;
20200227;22;43;83;43;52;82;44;77;73;86;12;91;62;82;91;05;00;47;58;20;94;20;60;52;81;07;06;
20200228;82;71;82;55;41;55;96;80;07;88;34;24;15;82;09;70;46;57;39;59;04;23;89;65;98;27;96;
20200229;05;18;66;63;50;38;89;02;22;46;87;33;86;70;68;54;03;26;45;52;15;10;12;94;10;05;01;
20200301;35;77;04;55;88;46;18;16;49;77;72;69;89;11;09;08;15;13;01;60;62;72;47;18;30;81;19;
20200302;87;78;65;00;78;56;62;56;15;42;23;82;12;49;77;20;37;18;58;60;47;96;06;85;66;74;94;
20200303;23;76;37;28;00;99;25;14;29;54;92;40;26;18;88;10;11;81;53;35;98;58;06;66;16;72;35;
20200304;23;41;85;77;83;14;46;79;49;58;97;53;93;08;13;77;24;65;98;04;59;98;54;50;31;38;61;
20200305;91;59;51;84;66;05;79;76;38;07;98;93;90;53;66;97;63;80;77;53;83;81;39;33;26;05;04;
20200306;54;73;02;93;32;00;57;03;73;58;38;26;23;11;04;73;88;21;47;98;77;63;57;00;83;71;17;
20200307;68;73;36;44;12;08;99;44;14;56;65;31;03;62;87;30;15;76;77;61;10;58;75;06;83;85;12;
20200308;60;92;42;57;43;77;10;02;94;21;48;85;92;40;95;22;65;35;43;29;61;55;85;03;73;33;53;
20200309;73;77;96;88;79;53;78;64;61;06;71;81;02;89;56;79;09;14;37;28;82;61;85;64;80;76;95;
20200310;49;29;42;65;64;81;51;51;14;05;07;19;97;79;90;96;64;90;55;14;06;97;71;99;01;17;63;
20200311;24;94;80;40;29;50;98;60;25;79;25;59;02;34;29;41;02;26;91;99;45;65;74;45;79;21;11;
20200312;51;07;21;93;39;61;94;53;29;62;54;82;32;78;31;98;18;32;21;35;09;21;19;44;56;01;47;
20200313;18;41;87;22;31;24;89;05;40;11;23;19;00;83;84;62;40;00;81;00;52;14;87;92;82;02;99;
20200314;15;09;60;22;28;70;50;16;71;24;90;61;10;72;81;74;05;15;13;99;14;87;21;98;35;02;15;
20200315;01;15;61;73;14;46;37;46;36;86;00;32;51;84;71;88;24;14;15;20;30;98;56;85;10;24;18;
20200316;22;57;02;90;63;00;45;56;28;40;86;44;88;34;10;74;24;66;75;15;98;74;58;30;77;00;29;
20200317;67;03;49;72;46;69;11;27;35;97;51;84;66;90;43;88;15;38;12;30;82;11;24;93;25;74;65;
20200318;89;79;33;53;16;22;72;41;59;64;92;65;94;95;97;18;47;88;00;26;51;94;94;12;54;28;90;
20200319;74;72;85;32;74;51;79;51;63;42;27;23;04;06;04;89;63;22;29;67;10;71;12;81;19;36;79;
20200320;36;68;78;94;55;64;16;75;46;42;41;62;68;56;91;91;14;01;06;71;31;74;31;74;73;89;21;
20200321;21;03;98;24;96;15;37;98;72;90;28;43;21;24;14;35;77;51;34;86;12;14;06;91;48;90;26;
20200322;24;60;33;53;52;76;19;95;00;22;13;13;35;27;34;04;58;69;22;72;91;10;17;48;09;87;08;
20200323;23;96;63;01;38;15;96;54;74;17;15;52;19;11;75;10;03;57;04;87;51;90;14;56;87;07;93;
20200324;78;12;93;59;20;22;77;63;21;74;05;43;31;85;16;88;87;37;65;29;48;98;85;99;42;59;95;
20200325;96;43;40;33;82;68;13;73;00;57;64;66;88;37;55;84;45;18;11;82;84;17;73;68;19;21;48;
20200326;35;95;48;93;76;13;38;04;95;38;72;03;64;93;12;54;95;58;06;34;10;55;36;06;93;82;80;
20200327;55;57;94;62;67;28;70;48;71;45;78;09;32;79;23;93;44;38;79;84;04;76;11;82;38;99;54;
20200328;59;09;59;79;14;79;91;08;06;46;81;02;37;31;28;63;91;53;95;35;15;58;45;74;03;10;23;
20200329;14;88;92;97;95;09;80;11;37;13;47;89;51;63;97;79;23;83;66;51;42;56;02;24;66;52;88;
20200330;02;59;12;09;80;55;63;49;40;67;59;21;43;95;39;93;82;06;76;49;14;95;58;55;94;79;05;
20200331;19;79;94;08;68;73;91;70;19;61;84;12;63;15;55;38;57;58;76;85;57;30;89;17;45;96;10;
20200401;
20200402;
LOI DATA. Chưa rõ nguyên nhân 
20200422;
20200423;03;70;18;28;22;03;31;94;86;08;26;90;91;09;06;62;18;23;44;46;95;58;10;32;03;81;08;
20200424;50;37;02;45;50;18;99;81;58;10;69;07;71;71;27;93;18;71;63;61;79;03;61;46;12;49;81;
20200425;25;06;24;87;88;80;19;80;34;98;83;47;98;86;94;68;20;42;78;85;42;60;13;14;40;50;46;
20200426;67;68;98;19;59;93;67;40;22;17;55;06;37;10;84;03;64;06;78;33;95;80;85;08;75;40;42;
20200427;61;01;16;87;27;12;45;25;02;56;89;73;90;58;73;88;91;77;60;18;41;62;89;21;91;28;58;
20200428;63;06;36;27;36;33;07;22;68;41;80;41;95;72;46;13;73;69;58;70;16;97;31;83;34;49;25;
20200429;98;62;29;33;52;39;73;34;55;62;88;40;72;96;17;60;03;70;64;75;47;58;36;03;72;51;06;
20200430;02;83;22;09;05;16;34;18;92;42;71;88;55;75;61;94;33;80;23;72;45;95;32;37;69;19;99;
20200501;66;69;43;72;71;25;99;84;41;98;46;51;95;56;88;94;99;34;85;20;02;98;82;64;68;38;69;
20200502;32;84;34;70;70;55;12;87;00;59;01;18;30;94;31;94;45;23;43;14;52;24;28;99;24;70;46;
20200503;47;07;09;89;54;08;71;57;16;14;28;42;90;18;57;73;39;88;68;63;80;85;74;55;84;15;86;
20200504;62;17;84;10;89;29;48;53;79;29;93;91;01;81;22;30;08;83;10;59;67;22;67;79;97;80;22;
20200505;72;29;63;98;22;10;42;93;03;93;71;93;37;98;61;80;22;08;88;37;26;71;50;20;37;65;25;
20200506;36;45;26;94;68;43;30;84;16;86;35;43;31;72;41;74;29;45;26;20;13;73;13;25;36;53;15;
20200507;82;44;01;10;83;56;25;36;13;34;02;71;20;27;66;92;11;17;91;60;16;24;85;16;78;79;08;
20200508;41;17;28;57;55;59;07;54;57;48;04;13;23;79;74;68;74;28;10;03;59;45;07;42;67;86;95;
20200509;70;98;99;37;61;48;95;38;03;25;00;04;34;13;05;25;03;22;22;58;19;41;44;75;25;85;02;
20200510;65;05;80;09;48;54;51;76;46;16;42;02;74;02;89;09;34;80;16;70;52;36;94;22;80;59;44;
20200511;19;25;80;76;66;55;64;99;94;48;92;05;68;36;81;16;00;49;39;95;65;65;53;97;43;73;95;
20200512;09;93;97;29;61;42;24;52;80;76;44;12;42;18;61;46;68;00;85;33;25;27;88;33;22;62;35;
20200513;95;63;68;72;64;37;26;03;20;85;88;21;11;77;42;72;21;02;81;88;33;48;55;50;63;39;17;
20200514;63;43;75;46;07;45;83;71;65;67;77;71;74;72;93;45;04;46;28;42;81;78;24;15;44;90;12;
20200515;95;38;31;59;08;17;40;69;33;01;12;47;31;08;78;07;41;61;95;41;37;07;56;93;79;22;73;
20200516;46;78;61;30;75;65;35;36;51;75;71;13;08;92;30;79;45;72;28;82;11;51;28;24;44;23;52;
20200517;80;64;35;34;85;83;81;47;93;34;54;80;97;40;23;35;72;15;76;23;18;96;87;30;40;88;38;
20200518;54;63;49;49;68;16;11;84;34;42;76;67;11;15;52;90;42;74;96;16;83;10;79;35;03;46;42;
20200519;00;15;92;34;90;55;57;00;97;57;26;10;55;64;35;44;37;25;26;49;39;79;55;75;13;43;04;
20200520;65;85;41;64;10;76;58;51;84;98;05;61;68;73;59;08;63;07;42;43;12;39;37;88;05;28;12;
20200521;38;02;74;41;71;68;77;79;01;14;57;62;63;79;21;69;51;10;38;26;22;94;24;60;94;32;54;
20200522;98;82;18;08;50;97;98;81;51;40;82;36;39;12;77;67;42;25;41;84;26;98;37;78;93;87;66;
20200523;91;31;93;25;39;02;01;15;09;97;77;76;70;81;37;84;39;06;93;02;24;84;11;71;58;81;77;
20200524;79;31;86;82;65;48;56;91;15;95;37;32;36;14;83;87;46;50;83;85;82;48;14;22;57;12;19;
20200525;11;14;17;47;10;31;85;75;11;60;47;53;39;00;85;43;24;87;11;41;24;53;20;99;12;78;64;
20200526;54;31;51;24;88;61;64;79;44;48;74;89;15;94;69;01;82;09;65;97;51;55;10;71;50;00;61;
20200527;61;03;07;10;55;05;60;51;84;74;73;56;14;98;10;43;73;30;22;64;75;87;62;48;68;91;39;
20200528;13;78;44;87;87;34;62;78;58;87;92;55;03;19;94;89;81;63;80;63;92;42;13;45;10;50;71;
20200529;54;63;11;58;54;80;97;18;57;25;00;78;19;83;56;19;31;76;36;66;38;98;39;17;18;73;62;
20200530;64;26;50;15;65;22;40;32;71;24;12;40;45;45;09;22;69;02;95;72;80;81;88;80;17;44;75;
20200531;34;66;94;25;33;49;46;51;31;81;41;21;38;47;82;69;43;64;34;52;43;79;59;48;17;77;61;
20200601;23;33;66;61;49;64;13;76;88;77;08;27;78;43;29;68;13;08;98;20;91;61;88;59;03;51;52;
20200602;22;10;67;26;25;29;23;83;59;87;81;46;53;25;05;09;50;17;35;27;03;90;56;51;12;16;39;
20200603;00;36;03;32;93;93;11;01;80;62;95;90;44;30;77;44;50;84;27;48;77;35;33;79;09;33;75;
20200604;78;37;12;31;44;42;23;59;17;72;10;36;54;93;39;59;80;67;88;49;38;92;95;04;27;06;66;
20200605;13;36;76;22;20;66;26;99;02;13;01;00;80;47;42;47;38;03;53;08;30;26;47;31;23;38;42;
20200606;32;37;28;34;14;13;22;92;64;36;40;33;32;08;72;95;03;23;45;28;81;41;63;19;52;67;77;
20200607;39;54;28;28;76;94;50;03;38;18;42;74;66;48;19;61;32;45;21;83;21;08;19;27;55;64;91;
20200608;60;18;75;82;07;81;71;65;49;20;20;78;88;15;41;70;85;12;63;77;34;49;95;12;16;07;18;
20200609;70;06;96;64;24;26;28;80;07;38;54;95;95;98;78;13;47;64;21;09;91;62;14;83;98;97;36;
20200610;30;60;74;43;09;14;03;53;42;96;11;14;39;96;31;61;56;38;67;63;14;66;87;12;48;34;61;
20200611;34;18;83;19;37;31;07;68;91;35;35;10;34;40;66;41;97;30;59;07;04;32;59;43;45;00;90;
20200612;03;77;49;55;84;00;80;22;46;24;70;08;39;46;34;33;48;83;54;28;71;69;97;34;40;03;09;
20200613;61;67;32;51;59;62;08;61;67;48;04;06;21;39;53;64;50;73;75;95;19;37;06;79;30;39;38;
20200614;74;94;93;14;61;72;28;39;79;85;49;08;07;06;53;32;83;09;68;06;94;02;13;78;01;49;53;
20200615;52;00;42;24;64;27;72;55;48;03;53;87;04;20;49;51;17;79;79;64;37;51;38;98;72;30;41;
20200616;62;45;97;41;99;06;07;31;87;19;40;05;07;88;19;48;26;34;30;45;04;92;90;57;71;40;04;
20200617;17;18;59;44;31;07;22;35;63;21;63;50;77;41;77;02;60;78;77;82;74;57;78;93;77;51;79;
20200618;89;20;24;14;17;80;89;46;23;08;32;80;72;93;21;94;02;77;94;84;92;57;99;00;18;06;50;
20200619;30;57;13;46;32;46;36;60;88;20;04;03;35;13;08;30;73;69;43;64;44;38;17;56;64;38;59;
20200620;69;37;84;79;76;18;84;98;28;64;90;42;58;78;54;60;80;45;58;99;80;72;89;31;17;13;59;
20200621;27;02;11;35;39;05;53;01;61;05;67;90;70;25;96;65;02;98;86;27;40;59;21;95;36;04;99;
20200622;17;83;06;09;30;05;56;93;33;38;49;17;62;07;49;25;05;21;33;26;88;43;19;43;52;22;09;
20200623;62;56;01;66;38;31;43;36;21;38;33;65;06;33;76;20;44;94;30;67;47;89;42;52;70;54;01;
20200624;10;59;29;01;50;30;95;59;79;54;83;20;09;96;26;45;60;87;99;30;38;66;39;19;78;49;67;
20200625;82;51;46;74;09;77;81;20;28;94;11;04;70;20;87;76;28;74;80;33;22;13;79;98;72;42;92;
20200626;16;55;62;73;97;28;27;48;67;70;38;14;27;04;94;46;34;37;52;58;21;31;02;16;38;31;22;
20200627;36;90;98;78;66;87;36;61;79;94;39;06;10;97;81;31;34;99;36;20;41;07;48;25;35;52;46;
20200628;51;90;85;93;22;79;53;43;64;41;78;53;23;59;24;86;95;43;38;50;42;85;92;10;92;90;09;
20200629;20;82;56;57;78;08;15;14;90;45;66;19;90;00;37;52;81;71;74;46;52;26;12;78;29;76;28;
20200630;29;78;27;89;36;50;79;19;49;93;17;56;75;56;92;19;42;71;68;30;61;58;37;10;53;36;64;
20200701;35;61;43;97;53;68;02;71;85;95;21;65;74;87;28;88;55;49;43;96;04;26;37;86;91;00;55;
20200702;29;04;80;38;87;90;85;51;31;87;01;84;56;35;53;24;27;22;86;12;59;60;48;76;51;95;79;
20200703;27;19;17;28;49;57;52;28;70;11;39;82;84;02;46;42;29;52;16;78;89;58;47;32;27;98;06;
20200704;75;17;75;79;08;55;85;99;40;07;11;80;08;32;06;40;99;89;95;87;17;51;70;33;07;54;19;
20200705;70;00;41;24;01;67;58;81;55;94;41;16;56;98;52;90;11;16;11;43;25;44;56;59;77;50;98;
20200706;70;22;83;61;64;17;81;09;08;02;08;84;72;72;86;21;05;97;46;92;67;93;88;47;65;22;09;
20200707;60;82;67;28;97;79;81;30;74;84;06;02;17;09;56;04;30;77;03;83;11;16;49;58;22;80;41;
20200708;83;12;37;74;94;93;87;42;90;53;60;38;00;33;03;77;91;55;50;60;34;05;64;09;15;47;36;
20200709;91;97;17;80;42;10;94;41;71;53;16;47;23;77;14;75;20;70;13;47;33;74;90;88;89;21;20;
20200710;69;76;22;64;12;64;72;34;80;59;77;86;54;93;21;71;93;86;55;95;31;55;86;32;64;28;07;
20200711;16;57;62;87;35;13;97;86;19;04;49;93;45;28;41;28;90;48;28;26;17;88;18;36;09;56;74;
20200712;90;08;24;93;30;17;93;24;08;18;92;37;71;62;00;47;79;94;15;76;42;48;11;68;65;15;60;
20200713;08;09;00;00;28;48;40;07;26;15;56;66;19;33;06;72;90;93;80;83;84;04;47;43;90;87;20;
20200714;89;41;39;26;73;61;88;78;60;17;36;82;41;20;96;39;62;23;03;68;16;91;18;20;06;28;41;
20200715;02;47;37;01;91;34;61;81;58;85;82;11;94;42;04;99;50;41;18;43;61;00;50;97;52;25;37;
20200716;11;88;27;90;08;46;97;35;84;08;75;24;39;86;82;22;25;59;90;08;67;65;57;01;44;98;12;
20200717;14;07;79;85;13;91;41;96;01;50;95;13;02;28;50;16;78;68;96;89;15;98;22;05;38;35;59;
20200718;86;92;70;82;15;87;43;33;19;25;73;57;70;23;23;21;44;71;79;88;00;83;03;63;08;16;62;
20200719;34;81;14;19;34;02;14;69;11;71;06;94;39;41;78;66;80;59;78;39;50;43;08;12;66;04;29;
20200720;29;51;90;87;27;99;50;86;89;72;71;12;05;36;37;32;35;22;62;38;48;29;06;07;18;41;35;
20200721;88;23;19;63;36;86;44;46;73;10;42;43;97;36;92;44;45;21;66;24;92;87;01;49;33;42;74;
20200722;42;85;75;96;55;55;64;74;44;07;39;16;16;94;26;62;94;16;03;74;97;88;15;79;38;13;83;
20200723;92;44;61;35;30;00;07;17;32;90;21;50;56;67;55;76;05;85;35;19;67;42;32;65;03;69;10;
20200724;97;31;52;58;73;25;23;80;05;72;22;32;15;54;54;26;29;70;57;94;69;19;83;52;83;16;24;
20200725;08;55;22;99;30;69;59;68;11;54;47;79;10;26;80;02;09;98;01;40;65;25;85;07;48;04;17;
20200726;54;72;53;13;19;98;00;97;89;40;60;17;09;56;87;96;88;58;01;35;12;96;91;67;37;59;11;
20200727;31;99;43;48;49;67;36;17;77;42;83;55;68;38;90;06;89;54;14;35;50;36;91;96;01;79;25;
20200728;82;51;05;53;11;52;98;59;92;33;07;99;92;51;07;78;82;28;16;57;31;57;70;32;23;34;45;
20200729;17;86;79;81;27;49;79;93;98;70;06;49;53;13;90;29;66;09;92;95;62;17;71;78;23;54;64;
20200730;63;11;37;23;81;31;86;72;13;41;11;00;21;12;04;70;02;38;72;89;14;64;41;95;97;23;39;
20200731;62;52;87;66;02;56;29;03;15;17;71;46;71;92;32;35;05;93;95;71;28;12;33;42;81;03;87;
20200801;12;01;79;79;69;01;06;91;59;04;34;43;96;56;65;03;75;90;71;48;44;29;87;23;97;63;01;
20200802;11;04;23;25;95;99;57;08;56;61;30;13;12;55;67;80;82;64;00;70;93;92;19;03;06;00;71;
20200803;36;39;99;88;90;10;55;56;92;05;84;28;22;19;83;15;89;32;54;59;64;95;24;65;35;36;49;
20200804;17;82;47;75;59;08;44;01;83;88;14;56;06;70;01;07;57;39;50;71;40;01;38;21;74;87;38;
20200805;96;77;50;96;58;29;59;28;39;00;84;27;08;45;95;91;48;72;91;23;39;61;53;14;30;09;34;
20200806;75;75;55;86;60;86;66;68;28;24;70;29;31;68;02;51;18;19;35;45;27;63;09;47;81;65;90;
20200807;14;14;74;35;97;81;38;81;89;65;79;21;83;30;39;63;38;71;45;84;82;13;90;30;53;07;50;
20200808;58;95;43;43;52;20;48;07;84;26;72;76;19;40;47;86;04;75;58;38;87;55;77;41;59;88;17;
20200809;38;35;46;85;48;45;96;08;73;17;42;45;55;72;43;91;01;21;73;25;59;70;79;24;74;05;06;
20200810;28;31;44;12;62;45;68;01;16;92;17;41;70;22;55;44;44;37;02;91;40;59;80;84;08;75;46;
20200811;28;36;59;99;45;08;59;73;28;52;39;67;43;30;52;75;26;12;52;83;77;38;02;03;25;23;95;
20200812;52;71;12;56;11;60;62;75;65;50;48;41;97;06;40;25;44;91;74;83;31;32;23;21;31;17;89;
20200813;57;75;09;22;07;69;05;09;76;54;53;47;79;29;89;68;60;21;98;07;65;44;70;06;55;33;21;
20200814;14;06;90;68;09;65;26;55;22;47;86;14;28;49;33;22;04;62;65;61;14;51;54;07;12;09;56;
20200815;80;83;08;42;13;77;36;45;11;58;23;29;57;05;98;53;97;34;45;41;91;29;88;65;61;04;89;
20200816;47;38;51;27;43;12;53;04;84;28;95;62;14;72;18;98;21;41;47;14;18;52;96;00;25;22;27;
20200817;48;85;25;07;38;41;44;29;93;43;71;52;32;22;94;43;52;34;17;88;48;51;28;88;03;36;96;
20200818;37;61;42;11;04;93;10;98;47;06;14;45;84;64;40;52;55;49;03;98;57;79;39;04;52;47;07;
20200819;01;13;16;29;11;75;01;22;92;91;29;48;09;70;05;61;26;67;60;56;95;96;76;52;29;37;39;
20200820;80;11;16;70;10;48;37;97;05;90;51;60;55;57;07;11;87;21;23;63;06;69;60;58;24;95;88;
20200821;54;99;05;39;64;90;34;94;13;22;48;41;53;76;48;06;36;66;22;88;76;55;72;74;39;50;36;
20200822;35;88;64;14;14;36;35;89;40;95;70;79;28;35;75;88;73;85;09;13;48;52;23;08;92;33;34;
20200823;41;73;10;70;79;18;02;15;20;40;76;77;57;99;38;96;88;62;02;11;67;09;48;15;73;13;14;
20200824;16;56;69;19;33;57;59;08;55;27;05;24;74;01;01;61;00;80;85;26;19;93;52;79;66;04;62;
20200825;59;80;12;74;06;19;31;85;06;26;90;99;30;38;44;43;99;61;12;84;88;27;52;83;61;90;23;
20200826;82;97;35;57;14;81;95;68;31;06;96;16;86;83;91;16;48;00;42;58;48;67;08;86;64;24;88;
20200827;96;10;90;46;35;20;82;70;02;05;68;84;83;33;64;57;23;45;36;74;97;15;75;18;52;75;97;
20200828;48;23;45;75;04;86;21;27;88;32;69;69;60;13;54;88;25;54;82;20;37;92;39;38;64;16;45;
20200829;05;59;90;83;10;26;90;38;53;58;51;54;30;65;35;88;16;33;84;85;02;03;44;80;28;88;01;
20200830;83;82;48;53;03;48;19;86;89;23;71;00;30;81;60;51;24;80;01;54;39;12;55;44;91;83;45;
20200831;58;04;84;00;69;19;34;67;92;47;71;91;11;25;24;74;21;18;70;73;57;06;03;17;60;86;88;
20200901;57;11;93;92;87;52;99;19;78;72;99;56;45;67;45;67;49;32;72;14;82;46;71;56;40;93;59;
20200902;48;39;06;58;58;59;36;94;21;75;91;30;98;46;66;70;74;42;33;02;37;89;26;00;66;95;71;
20200903;80;77;94;34;21;61;93;49;36;98;83;97;82;69;97;69;88;82;31;21;38;48;54;96;41;59;83;
20200904;80;07;12;81;83;84;64;10;75;79;11;52;42;34;01;80;42;91;61;83;52;65;25;49;34;00;86;
20200905;85;30;42;61;24;73;14;61;19;41;70;44;31;02;92;13;03;66;57;74;99;34;27;70;23;25;00;
20200906;93;78;13;65;68;41;96;15;12;01;93;20;56;98;54;56;66;00;72;51;25;95;84;95;98;60;58;
20200907;53;52;25;55;15;61;48;54;52;11;69;92;93;03;94;75;35;55;91;43;38;61;37;62;23;09;49;
20200908;22;49;16;73;94;34;05;55;43;55;57;91;12;91;17;09;98;64;55;33;91;58;69;85;56;31;83;
20200909;00;19;93;27;11;20;02;93;79;16;37;33;23;40;33;10;90;24;89;97;20;88;36;24;14;68;90;
20200910;20;53;53;95;07;33;82;42;19;75;93;28;04;87;06;41;94;16;09;70;02;05;40;09;04;40;07;
20200911;29;28;85;40;68;95;56;05;52;91;89;21;68;79;51;48;93;81;34;21;25;93;54;32;55;53;13;
20200912;80;05;71;29;57;61;52;18;50;03;32;14;51;21;61;24;78;97;80;73;57;87;53;84;04;19;61;
20200913;63;41;65;92;61;92;23;39;99;99;35;84;08;78;04;80;48;44;01;94;40;24;15;50;29;64;01;
20200914;89;85;95;27;63;01;78;87;93;17;59;31;09;33;82;85;79;89;39;62;64;38;31;61;43;88;35;
20200915;30;09;82;69;89;32;41;37;53;63;21;18;52;67;11;43;39;87;06;29;11;59;54;18;35;08;52;
20200916;82;20;29;61;92;83;21;11;40;93;52;87;74;59;33;19;88;94;54;40;86;43;51;33;97;12;32;
20200917;70;85;09;41;31;53;81;30;64;48;14;31;61;76;42;06;38;73;97;69;96;56;78;60;34;96;28;
20200918;90;62;30;41;20;98;03;80;68;74;97;12;76;36;40;33;30;12;88;37;99;12;63;01;23;53;45;
20200919;04;88;68;67;79;82;73;93;89;43;53;24;13;08;53;13;86;92;36;94;86;78;22;95;31;14;68;
20200920;42;00;82;97;31;57;21;49;97;93;57;05;35;52;79;70;87;97;06;22;27;32;74;54;06;81;61;
20200921;57;81;51;84;19;98;37;95;47;11;64;13;54;96;74;64;02;36;47;17;39;91;63;29;35;21;49;
20200922;86;69;00;47;26;76;61;17;97;86;87;88;67;58;74;38;45;09;93;33;84;90;46;06;25;86;80;
20200923;11;67;32;37;37;42;69;36;87;67;31;10;61;74;20;18;93;63;11;26;51;41;01;35;42;99;86;
20200924;82;56;03;91;92;93;30;91;69;50;67;92;48;86;69;67;74;42;43;05;80;05;79;66;61;99;84;
20200925;18;91;11;13;94;33;34;95;40;07;49;01;34;40;15;01;17;93;37;07;72;78;18;02;77;78;65;
20200926;69;24;53;97;05;35;28;86;64;15;88;85;68;74;15;50;29;84;83;13;91;83;34;51;22;76;79;
20200927;46;31;59;69;58;64;96;52;08;13;20;50;11;40;71;91;73;86;73;78;16;68;30;86;44;17;33;
20200928;31;85;59;96;88;36;85;49;76;90;57;08;58;99;82;21;56;49;16;04;23;38;78;38;84;98;39;
20200929;23;12;11;21;81;33;98;91;80;97;48;68;10;42;28;97;60;83;94;72;00;39;89;19;36;93;42;
20200930;68;23;97;68;12;92;45;76;54;71;48;47;23;88;43;21;49;40;08;75;21;53;11;05;19;02;58;
20201001;18;94;90;23;37;92;68;34;72;95;29;01;67;02;60;42;34;23;16;65;69;18;86;16;63;89;61;
20201002;00;57;02;01;91;79;86;62;37;79;90;83;30;49;49;07;54;28;31;93;21;80;21;90;38;21;02;
20201003;97;96;12;94;41;68;71;36;33;65;83;73;77;96;81;43;06;62;80;97;70;23;52;13;88;30;04;
20201004;89;25;89;90;94;09;80;07;68;28;06;59;94;30;90;66;63;97;18;92;48;21;52;48;20;49;44;
20201005;23;94;92;79;91;87;78;91;22;44;45;66;04;44;29;23;42;15;26;85;13;76;94;77;26;71;45;
20201006;65;85;31;53;81;71;57;27;92;86;35;67;29;57;40;83;76;99;89;53;48;54;38;51;93;06;50;
20201007;65;39;53;15;62;15;94;98;09;36;30;89;12;90;67;38;84;93;15;84;19;20;75;70;44;41;03;
20201008;26;01;21;06;89;76;75;25;91;24;90;76;68;41;92;94;19;89;69;46;79;25;04;37;76;30;73;
20201009;41;99;47;38;42;47;21;04;66;38;87;53;09;47;14;01;88;33;02;25;13;40;71;22;01;63;96;
20201010;48;93;77;71;25;59;43;77;19;01;23;71;82;57;98;74;14;86;02;84;66;48;03;83;29;19;72;
20201011;94;66;08;09;11;72;18;68;20;56;12;11;26;37;73;25;49;04;73;60;65;00;78;46;65;39;35;
20201012;18;58;40;38;20;05;35;65;96;10;10;71;14;42;76;65;31;03;04;84;96;33;95;71;75;28;12;
20201013;66;81;95;87;04;38;61;24;22;78;16;60;84;89;49;56;35;75;20;23;94;38;63;14;30;02;51;
20201014;16;09;19;62;17;16;42;04;26;76;35;95;96;03;27;25;91;82;13;05;60;26;50;14;81;62;38;
20201015;28;40;67;22;00;29;34;34;13;47;12;60;79;15;18;57;05;12;02;51;85;80;56;33;79;50;26;
20201016;08;08;31;97;17;95;64;10;88;41;62;16;04;61;40;14;43;98;87;21;85;50;57;00;01;21;04;
20201017;69;69;51;02;29;97;79;45;38;21;70;48;14;78;18;38;35;00;11;33;92;49;01;13;00;09;18;
20201018;19;60;84;00;94;91;42;13;12;51;26;46;08;52;27;92;92;32;66;52;75;67;83;54;00;56;62;
20201019;25;95;04;90;76;64;83;08;20;35;88;23;81;47;07;44;67;67;28;18;34;18;91;46;19;77;09;
20201020;57;18;17;70;76;81;37;64;94;00;26;97;23;01;85;30;10;36;37;39;25;53;25;92;72;64;10;
20201021;43;11;03;99;53;49;90;57;96;25;70;87;27;16;70;79;58;15;72;54;70;15;51;61;62;64;02;
20201022;79;96;95;78;40;40;48;16;04;72;15;32;84;41;38;16;60;04;06;37;08;16;31;96;81;35;00;
20201023;25;98;24;54;63;79;70;22;71;95;40;02;79;32;05;61;64;08;28;05;24;00;92;31;65;26;44;
20201024;28;63;90;61;26;47;06;57;61;55;84;85;82;59;80;37;24;79;61;48;92;84;80;71;87;68;09;
20201025;36;77;05;55;51;98;12;82;56;34;94;48;39;83;69;71;42;38;07;51;39;86;06;36;94;51;30;
20201026;46;34;24;63;86;08;54;90;59;13;30;81;81;84;19;01;90;72;11;08;04;92;53;46;36;75;50;
20201027;38;85;79;19;69;68;95;13;05;27;36;41;45;91;79;31;92;28;34;46;81;11;75;61;65;04;57;
20201028;07;94;83;82;34;16;02;59;09;80;85;82;40;42;76;11;16;95;48;88;58;13;04;10;38;01;64;
20201029;36;85;89;45;48;27;30;39;63;46;90;80;39;06;81;84;54;82;58;42;12;76;15;60;13;07;55;
20201030;83;78;66;63;21;75;28;81;26;81;34;08;55;01;58;21;46;20;90;69;81;95;20;31;79;57;65;
20201031;10;94;74;35;31;13;33;06;61;42;32;87;49;60;15;52;45;60;53;62;88;88;35;49;16;74;48;
20201101;59;78;73;68;53;02;38;90;94;56;65;82;74;89;63;33;01;83;93;35;07;26;93;77;88;48;66;
20201102;61;83;97;69;90;40;09;88;70;09;48;79;63;48;27;49;84;54;99;72;02;27;09;92;68;13;73;
20201103;18;46;37;81;76;99;27;70;42;38;34;80;15;45;41;92;32;04;69;12;12;30;34;24;57;00;66;
20201104;21;81;53;50;17;86;70;18;53;11;51;98;53;72;25;57;88;91;97;36;74;56;35;38;83;60;01;
20201105;25;16;89;95;40;98;10;67;34;87;84;17;11;32;69;95;45;30;05;16;99;48;48;67;44;80;98;
20201106;71;94;59;93;04;01;44;07;64;85;46;99;72;72;32;68;27;68;43;71;26;30;72;26;86;10;65;
20201107;56;83;70;08;12;87;87;61;63;26;01;16;50;63;95;44;39;43;88;32;80;04;58;48;67;89;17;
20201108;11;09;21;47;44;91;28;77;33;56;37;96;04;12;68;14;87;51;21;26;29;27;66;57;38;85;15;
20201109;47;58;37;31;59;93;60;98;40;82;41;21;45;24;78;62;48;24;73;86;89;70;69;08;99;72;03;
20201110;74;47;62;59;10;92;73;18;73;64;58;69;69;20;35;80;51;42;94;04;96;33;18;62;71;86;97;
20201111;42;47;91;71;63;66;64;40;04;29;30;53;95;02;49;14;56;37;45;41;17;26;49;03;40;42;11;
20201112;16;27;27;86;72;73;88;71;67;30;13;94;51;42;13;07;43;98;77;40;39;05;39;80;54;57;20;
20201113;87;04;54;96;64;73;45;96;47;02;31;01;85;85;14;01;59;79;89;42;30;88;16;49;22;38;30;
20201114;06;82;46;51;40;22;15;48;22;67;12;84;83;96;12;64;70;64;71;09;77;45;37;76;13;81;04;
20201115;18;95;23;62;87;40;70;42;54;53;94;86;02;93;40;12;36;22;83;30;57;08;26;91;19;49;68;
20201116;30;94;87;44;20;79;88;28;23;35;21;55;59;25;24;10;99;96;02;46;54;86;60;40;43;27;61;
20201117;93;78;29;18;99;32;85;26;10;25;46;69;54;26;22;35;75;26;64;86;62;77;29;50;05;86;27;
20201118;30;30;88;43;02;68;05;58;16;68;60;05;20;49;38;96;71;67;41;91;99;06;78;56;12;90;64;
20201119;17;04;67;62;37;34;05;07;98;63;88;20;16;76;05;96;64;73;91;35;58;95;41;58;86;92;97;
20201120;80;93;73;03;90;48;31;24;32;55;18;75;32;87;97;12;53;96;56;57;12;86;36;06;13;81;10;
20201121;61;47;85;91;48;19;84;97;33;07;79;45;53;48;87;39;17;68;82;87;41;34;67;90;17;62;80;
20201122;96;99;07;71;57;56;86;67;76;81;18;83;23;65;49;52;07;42;28;55;22;00;70;67;22;91;06;
20201123;43;52;47;93;77;61;45;23;78;74;77;36;00;76;27;01;19;09;58;98;78;06;48;40;25;73;91;
20201124;64;01;05;06;83;65;02;35;96;74;41;71;55;41;18;06;45;03;51;38;06;92;20;60;28;45;90;
20201125;36;61;54;02;92;57;84;48;92;85;05;08;72;32;68;25;90;37;35;79;69;42;75;39;00;97;81;
20201126;71;54;86;58;15;12;42;63;56;08;75;96;88;46;45;92;88;83;70;62;14;92;60;56;66;44;08;
20201127;26;52;28;05;33;02;42;86;18;69;53;95;85;13;66;69;03;69;81;19;20;67;08;49;73;98;56;
20201128;64;59;64;77;44;33;55;16;84;09;23;47;30;08;96;08;42;70;06;57;67;90;96;11;25;92;99;
20201129;69;22;11;55;54;54;39;88;05;26;85;09;97;49;56;49;82;96;72;56;30;52;18;17;05;24;46;
20201130;04;56;84;98;27;85;89;74;08;81;48;01;19;23;64;45;46;15;99;52;49;84;13;31;87;25;41;
20201201;07;09;71;50;49;50;11;12;43;36;27;58;99;32;58;65;80;84;13;36;93;19;68;49;62;08;00;
20201202;17;78;32;74;96;20;19;87;65;78;24;20;13;63;71;57;82;10;23;04;14;33;87;12;58;47;38;
20201203;11;57;20;64;95;85;97;08;97;55;11;48;85;21;11;24;28;12;96;52;42;47;95;47;76;06;17;
20201204;49;55;83;87;82;04;11;26;15;40;47;70;09;75;03;19;75;18;90;93;07;35;08;76;09;67;89;
20201205;05;80;39;04;19;68;67;48;92;34;91;60;12;59;37;55;24;99;96;43;21;90;71;74;38;01;24;
20201206;53;89;61;04;68;85;54;78;50;47;32;06;69;49;03;79;68;79;16;10;03;84;05;56;95;80;13;
20201207;29;30;58;74;87;85;20;09;92;58;29;43;18;82;25;97;25;92;29;28;37;63;92;57;13;28;51;
20201208;20;98;07;17;27;40;79;50;85;16;43;12;07;28;42;76;39;31;39;37;36;68;73;92;26;02;19;
20201209;41;10;82;09;48;38;46;00;73;78;55;83;57;30;92;10;42;55;74;30;90;87;03;19;54;86;38;
20201210;35;02;74;46;14;26;11;29;35;77;62;32;80;44;90;94;33;33;87;25;47;20;71;91;33;18;01;
20201211;51;48;49;26;48;96;53;41;83;09;66;95;59;26;70;03;86;45;79;88;02;48;21;40;47;74;83;
20201212;45;18;50;13;86;20;05;99;26;35;89;75;86;04;97;12;01;87;12;01;56;71;74;18;78;26;29;
20201213;28;66;86;26;99;53;49;00;40;47;35;33;98;90;82;70;39;06;87;02;58;62;63;20;81;62;42;
20201214;76;89;39;74;54;31;96;60;88;19;76;37;14;33;21;62;98;59;89;61;36;66;77;22;98;71;47;
20201215;81;76;11;75;41;25;41;38;49;67;97;17;72;90;39;07;44;31;01;59;97;02;81;82;53;34;20;
20201216;63;56;85;33;26;31;52;88;40;65;84;72;99;38;97;33;16;32;28;69;02;15;09;64;33;26;85;
20201217;50;92;52;97;35;95;00;61;94;99;68;45;24;97;51;60;15;95;54;94;26;92;14;44;10;88;26;
20201218;54;86;74;31;04;47;97;13;53;97;00;37;17;50;61;07;04;22;48;78;31;05;94;45;48;80;34;
20201219;70;36;57;46;24;16;68;57;95;13;29;61;37;31;27;08;07;45;93;13;60;24;45;17;77;58;34;
20201220;88;38;93;90;16;69;69;10;13;45;51;38;89;39;10;94;66;11;09;20;54;07;31;25;00;89;26;
20201221;93;12;93;60;88;85;85;99;97;11;47;27;18;98;02;83;37;80;17;79;76;44;36;89;79;85;38;
20201222;13;62;79;80;06;02;08;75;76;71;00;61;28;92;52;87;85;16;79;64;62;67;36;53;60;43;90;
20201223;88;15;28;95;23;80;81;76;17;48;98;07;98;98;13;85;97;86;48;19;92;32;12;11;44;27;22;
20201224;93;55;25;97;58;66;43;62;74;92;06;44;05;75;65;94;35;43;05;29;14;98;89;64;49;62;24;
20201225;87;91;72;22;12;03;51;35;52;11;35;80;76;96;14;59;93;67;55;49;50;49;86;61;54;23;49;
20201226;87;36;01;27;98;89;98;76;43;48;98;96;64;63;32;73;49;11;74;86;84;14;29;75;35;36;48;
20201227;71;70;20;15;13;97;83;66;49;94;97;08;42;51;35;15;97;09;07;97;16;10;77;31;33;58;19;
20201228;90;23;34;27;66;59;65;55;09;58;21;41;18;86;14;63;11;74;49;64;65;52;03;70;06;44;84;
20201229;11;28;82;50;21;02;17;41;81;17;79;46;65;85;29;10;87;12;02;00;07;21;32;45;06;39;17;
20201230;05;34;30;03;58;86;41;82;27;59;48;68;22;79;64;76;30;97;00;92;33;91;25;12;77;35;86;
20201231;50;02;41;07;22;32;04;36;69;04;45;08;61;02;77;24;16;46;57;05;30;10;07;11;08;00;69;
20210101;85;81;68;90;55;57;37;39;86;66;25;33;26;23;89;76;77;39;87;75;45;65;10;81;14;08;11;
20210102;81;27;86;10;06;36;95;04;19;32;02;13;83;55;55;96;30;51;78;23;67;57;83;68;19;29;12;
20210103;32;10;60;52;06;54;71;41;24;68;18;87;40;72;52;28;60;14;55;04;97;93;31;16;59;91;25;
20210104;88;95;46;80;26;79;71;75;95;14;34;09;21;09;12;16;14;43;88;51;80;97;27;39;14;63;71;
20210105;76;36;42;76;04;17;47;68;54;54;37;23;14;88;65;96;04;98;85;30;57;66;98;09;24;70;83;
20210106;02;47;11;77;43;80;89;29;71;81;10;21;53;19;45;19;29;96;27;97;67;40;49;12;08;46;32;
20210107;54;62;45;81;44;66;70;14;98;57;88;87;89;46;14;18;49;84;71;09;40;84;41;62;93;15;34;
20210108;26;27;49;26;52;37;62;86;54;72;33;43;47;60;34;98;69;65;06;71;94;03;62;30;00;77;61;
20210109;64;56;15;88;90;30;16;87;88;29;73;23;90;11;38;84;74;15;95;65;51;00;77;54;40;02;17;
20210110;46;72;85;65;36;47;85;14;14;90;47;15;54;09;70;70;41;63;74;64;17;92;08;54;95;68;29;
20210111;07;80;67;48;53;89;13;65;41;75;91;17;06;83;20;10;44;30;59;77;17;08;40;41;07;60;35;
20210112;92;55;91;01;63;53;51;48;01;72;20;82;79;16;71;72;05;53;36;01;11;79;06;92;77;82;56;
20210113;69;16;76;09;36;72;69;14;85;47;95;29;13;54;86;71;78;59;62;58;88;46;60;13;35;71;99;
20210114;38;32;62;10;51;80;73;11;63;08;93;95;30;70;09;82;63;17;19;50;42;48;62;60;04;10;95;
20210115;85;97;48;26;60;22;42;77;03;03;43;31;16;48;80;14;28;29;28;96;00;05;85;13;33;47;58;
20210116;46;27;16;38;64;67;00;37;32;60;41;68;08;97;08;92;34;48;49;61;68;25;24;15;76;85;71;
20210117;95;64;16;11;94;67;01;63;80;62;64;91;36;25;08;65;51;12;70;74;02;00;66;43;98;97;87;
20210118;49;84;58;77;05;38;86;20;41;53;02;17;04;38;49;97;08;35;25;95;94;21;78;59;13;69;23;
20210119;77;56;01;83;21;39;93;38;80;20;50;33;22;19;48;13;84;27;97;03;48;46;16;67;96;55;52;
20210120;45;48;11;40;15;81;80;33;02;70;00;36;38;75;28;55;61;99;05;81;70;67;61;68;37;41;91;
20210121;31;09;19;55;87;37;58;79;19;40;58;80;60;52;69;52;49;24;95;84;24;25;59;78;07;44;66;
20210122;64;81;15;51;23;61;71;49;63;02;50;95;82;57;40;67;66;74;26;81;75;49;38;99;66;79;86;
20210123;60;31;07;15;28;62;43;24;99;81;33;18;68;42;68;30;14;94;11;20;46;48;11;30;22;81;96;
20210124;83;84;52;41;47;42;53;71;35;20;27;79;90;07;78;27;88;49;55;64;01;14;81;56;53;26;74;
20210125;57;28;79;64;79;81;72;16;14;96;75;38;83;81;66;87;83;98;39;14;36;79;33;19;05;88;55;
20210126;79;09;97;84;22;17;72;42;17;31;39;18;71;05;87;32;67;75;54;04;81;24;38;09;13;76;49;
20210127;56;47;65;11;80;71;12;14;53;50;06;88;53;18;70;55;54;75;12;83;76;11;64;92;07;08;29;
20210128;20;71;01;25;30;73;94;02;41;41;81;38;84;14;79;48;41;85;28;15;08;78;50;96;65;22;41;
20210129;69;85;24;53;99;60;04;38;10;48;63;70;93;61;63;16;88;08;73;42;67;15;21;76;56;98;90;
20210130;09;59;57;01;23;82;88;10;54;02;07;95;97;53;30;86;99;96;94;08;20;21;68;40;53;29;16;
20210131;86;99;81;27;11;55;59;32;13;21;34;36;01;40;69;78;57;83;23;74;21;21;98;80;28;30;81;
20210201;82;24;34;98;07;17;52;43;76;38;91;92;41;41;32;54;33;36;33;64;16;77;38;81;08;84;33;
20210202;59;32;65;06;54;50;07;62;08;93;65;89;34;76;61;41;50;48;47;67;70;45;90;30;27;89;66;
20210203;49;00;75;06;12;66;83;76;05;82;69;60;79;05;50;72;43;86;23;31;87;65;92;97;26;42;33;
20210204;18;33;52;57;45;91;18;32;25;69;62;11;15;07;72;33;95;67;20;40;96;69;43;32;71;44;45;
20210205;20;17;23;32;20;07;68;25;73;98;28;92;78;15;27;21;64;17;32;81;44;18;68;70;88;39;14;
20210206;27;78;07;90;21;68;03;09;30;78;19;06;09;99;63;29;07;46;64;85;11;24;70;11;39;87;13;
20210207;19;64;70;57;53;71;71;52;35;25;54;29;34;07;78;55;44;42;13;74;65;77;77;10;80;14;93;
20210208;91;33;25;82;25;91;89;28;56;15;46;14;98;99;88;58;93;05;75;12;79;76;14;18;80;38;92;
20210209;92;90;82;67;94;52;66;18;87;89;36;58;89;32;66;50;38;84;55;84;28;63;71;12;62;47;36;
20210210;29;61;00;22;08;36;07;68;40;12;63;89;75;62;21;78;87;81;75;39;44;33;64;34;04;32;10;
20210211;
20210212;
20210213;
20210214;
20210215;86;64;90;14;89;84;80;41;86;93;46;35;91;58;52;82;65;61;55;15;63;41;82;88;41;96;94;
20210216;03;58;53;57;66;94;09;16;20;44;72;89;48;86;70;23;32;75;46;09;85;19;51;00;22;41;17;
20210217;77;72;65;08;90;32;87;82;32;27;54;16;90;99;29;68;90;57;33;64;38;64;69;08;85;65;58;
20210218;10;29;63;08;81;08;46;34;77;60;24;47;23;26;25;82;09;34;70;33;99;80;69;75;47;06;89;
20210219;03;06;03;67;08;33;82;23;22;24;06;85;59;26;59;08;78;33;20;16;64;35;54;03;43;20;18;
20210220;30;89;33;90;15;67;37;69;71;86;14;39;82;43;58;88;06;84;82;09;47;09;78;49;47;37;44;
20210221;07;40;20;77;24;13;88;94;69;98;72;69;95;05;08;20;78;49;16;10;27;40;49;50;19;82;08;
20210222;08;43;33;68;26;98;87;43;63;25;24;16;05;83;42;32;71;29;93;75;18;62;25;67;18;32;16;
20210223;10;28;58;13;97;81;87;64;69;65;21;91;75;98;74;58;01;17;32;01;83;06;43;26;08;59;86;
20210224;15;68;38;74;93;86;19;91;22;43;39;60;85;77;40;17;54;50;93;47;85;09;64;32;78;02;68;
20210225;55;77;74;89;84;75;29;99;97;45;72;41;46;11;13;11;17;60;64;55;31;33;06;69;98;05;73;
20210226;00;02;36;11;69;31;51;22;11;26;25;43;42;66;14;45;21;66;79;10;03;30;33;04;70;40;37;
20210227;13;77;22;18;73;18;71;86;04;75;06;83;38;88;82;27;91;86;66;83;78;88;79;67;54;42;21;
20210228;98;43;10;82;77;52;47;45;60;55;43;09;76;37;77;32;18;40;94;35;75;42;75;44;10;04;43;
20210301;77;87;79;68;56;41;83;11;68;76;08;18;66;12;06;87;29;88;69;49;93;46;79;91;86;88;99;
20210302;62;15;69;06;82;97;71;95;30;44;91;50;53;44;54;52;65;77;76;20;88;68;11;68;54;33;53;
20210303;10;21;69;22;74;79;77;70;97;70;99;95;95;26;23;42;75;96;05;10;46;46;02;98;97;44;73;
20210304;00;62;09;63;33;94;14;80;85;13;60;90;78;10;63;58;51;35;76;52;27;40;80;88;60;37;69;
20210305;92;35;59;57;09;36;32;70;66;40;86;11;52;40;04;74;69;18;25;78;71;14;22;70;84;40;11;
20210306;18;34;45;13;60;55;61;25;08;98;46;82;27;68;60;11;42;18;71;01;64;40;90;57;47;37;30;
20210307;33;32;64;40;49;03;34;25;40;68;67;45;59;93;67;61;55;00;47;43;55;15;66;14;39;57;75;
20210308;59;88;09;38;92;47;14;36;43;84;89;44;15;12;59;67;17;80;50;44;46;75;31;09;17;65;75;
20210309;36;62;19;69;81;77;04;77;44;70;33;62;88;97;02;75;45;78;75;95;42;36;25;09;45;69;26;
20210310;39;42;92;76;98;67;36;54;33;85;06;59;77;20;99;10;17;99;24;62;93;11;70;94;75;42;95;
20210311;26;74;90;27;31;84;97;93;96;81;71;25;68;43;94;66;91;13;79;73;37;16;61;18;72;16;38;
20210312;39;75;89;88;97;84;01;63;77;29;09;39;36;66;40;98;03;03;22;93;83;41;89;15;70;38;84;
20210313;12;64;93;84;56;33;63;47;39;20;63;80;00;58;43;32;97;62;42;71;90;22;09;16;34;02;28;
20210314;87;81;81;81;77;39;88;91;56;38;16;58;51;71;41;60;38;33;06;04;64;32;02;29;85;93;90;
20210315;24;98;57;29;46;67;22;87;62;79;98;31;31;02;10;45;67;87;39;83;41;40;45;28;29;25;56;
20210316;54;53;74;32;11;64;38;86;95;33;51;12;08;66;85;16;16;14;39;33;14;83;10;58;06;14;66;
20210317;52;27;68;94;00;53;38;16;62;89;52;70;66;72;88;16;60;29;37;33;29;99;52;01;07;02;24;
20210318;33;13;90;46;87;06;46;26;39;89;63;51;50;86;46;76;34;42;69;84;38;24;84;66;26;17;31;
20210319;24;08;30;99;08;45;89;51;32;93;05;78;85;05;78;00;48;06;43;26;20;18;50;08;93;24;14;
20210320;38;37;31;08;18;72;43;20;11;72;48;38;68;48;27;89;21;39;96;59;05;48;84;49;76;66;51;
20210321;40;93;39;03;14;62;67;66;67;65;40;82;60;61;71;82;62;84;34;33;56;62;35;05;17;02;51;
20210322;15;46;61;51;74;44;02;36;84;55;10;81;41;86;66;68;38;49;11;26;09;05;19;55;78;59;37;
20210323;39;63;47;52;53;16;94;98;07;78;84;03;74;17;54;54;40;21;28;89;66;89;22;78;29;57;41;
20210324;38;68;10;09;59;04;06;40;17;07;62;51;59;38;50;88;34;69;70;02;61;21;60;27;91;25;02;
20210325;19;63;34;93;90;57;26;80;03;73;18;07;04;27;69;05;36;59;52;11;88;90;13;24;06;22;91;
20210326;42;63;11;71;06;22;86;09;55;49;09;75;71;63;68;18;79;26;89;88;38;83;41;59;57;29;76;
20210327;01;60;38;23;17;72;29;32;31;92;74;92;54;94;40;83;43;43;10;38;05;31;64;41;56;54;45;
20210328;95;12;07;85;13;69;39;08;77;03;89;98;63;80;20;05;67;42;53;54;83;80;49;28;55;35;70;
20210329;00;82;38;62;48;63;12;90;58;70;99;03;58;72;94;99;94;25;70;40;57;01;56;62;89;08;73;
20210330;55;49;70;97;15;85;43;37;03;64;37;13;19;92;14;59;18;43;68;70;89;68;72;64;50;81;58;
20210331;96;28;50;68;71;65;18;13;76;31;88;40;56;63;20;44;42;92;58;55;78;79;51;16;39;03;54;
20210401;93;77;01;82;54;29;11;96;52;03;36;87;98;77;02;01;61;37;29;19;05;22;18;65;72;07;23;
20210402;95;08;58;19;06;91;48;86;66;82;68;67;81;43;16;17;15;88;82;50;33;52;51;10;15;43;45;
20210403;10;91;38;25;17;30;77;81;33;83;08;13;61;66;74;35;10;63;05;37;91;86;95;03;28;67;75;
20210404;78;09;29;90;35;74;11;41;91;58;55;97;81;41;42;33;29;04;99;73;14;44;24;54;37;36;65;
20210405;00;51;48;74;12;06;95;82;15;59;60;91;08;86;57;43;68;42;81;61;26;67;96;56;25;87;11;
20210406;59;68;53;14;44;46;25;34;57;74;93;00;44;48;45;51;93;11;82;60;47;01;59;44;45;01;74;
20210407;75;28;98;18;73;39;52;42;59;96;70;84;35;16;98;10;04;00;73;88;93;03;33;13;70;81;56;
20210408;04;40;22;07;53;33;67;42;36;84;90;18;79;22;79;10;78;40;94;37;07;84;31;11;03;47;86;
20210409;70;54;46;03;69;91;81;97;04;53;51;92;33;75;39;49;41;18;52;15;62;84;31;93;83;95;71;
20210410;13;76;36;77;83;58;98;26;44;87;95;82;60;75;63;71;37;81;43;06;52;92;46;86;54;27;64;
20210411;13;05;67;30;22;49;30;48;56;19;96;66;38;00;80;25;97;88;29;21;21;34;71;87;80;83;23;
20210412;39;45;98;82;45;16;49;52;62;16;67;36;46;19;32;16;15;99;99;84;20;72;42;70;97;16;88;
20210413;05;17;82;99;11;65;94;56;43;52;92;80;00;53;56;80;05;30;98;07;87;55;47;97;74;36;21;
20210414;95;14;83;76;59;15;38;32;67;20;11;72;01;96;23;51;98;84;48;05;35;32;02;39;80;82;38;
20210415;82;42;37;46;16;37;44;36;00;61;37;03;19;10;46;10;42;49;34;06;23;65;73;61;32;56;62;
20210416;89;42;45;88;40;18;22;06;88;06;27;32;08;66;17;84;99;56;49;08;51;27;90;24;63;21;14;
20210417;80;12;82;89;52;13;05;50;99;28;15;80;97;58;29;25;38;21;29;88;00;34;83;64;95;10;52;
20210418;00;54;70;15;52;08;47;35;70;52;89;79;11;71;06;77;20;16;16;75;49;06;27;08;56;62;30;
20210419;65;16;80;40;90;03;09;07;98;53;51;13;37;69;19;02;00;04;88;37;48;74;53;66;37;86;80;
20210420;75;66;33;10;48;71;11;79;46;20;51;76;65;91;64;12;88;90;48;13;21;56;99;10;47;59;37;
20210421;55;96;69;97;43;37;50;41;99;51;47;53;36;41;35;18;41;14;77;01;01;18;73;34;32;90;21;
20210422;92;46;95;63;42;96;77;13;16;68;29;32;28;01;48;67;67;33;37;48;60;38;39;84;79;49;68;
20210423;60;07;35;55;52;25;32;94;84;28;41;62;86;78;68;26;26;53;24;92;09;67;77;11;81;47;68;
20210424;77;66;44;04;22;51;89;62;38;20;23;25;47;02;79;20;97;76;63;46;15;60;77;44;72;98;13;
20210425;78;52;07;32;40;12;93;99;57;21;88;82;01;62;64;44;04;28;50;06;23;91;45;41;07;91;36;
20210426;52;19;75;75;86;78;10;81;36;14;12;86;94;80;55;84;23;65;02;12;58;64;16;83;96;78;68;
20210427;33;39;11;48;25;58;62;29;99;07;02;12;59;94;69;73;09;71;56;14;38;95;89;76;67;46;27;
20210428;13;71;50;71;45;98;59;04;60;82;43;83;30;19;17;78;00;08;96;67;86;49;64;15;23;60;05;
20210429;16;53;92;36;17;51;71;23;58;86;54;29;84;27;26;53;21;95;90;89;72;35;60;76;42;11;57;
20210430;36;31;89;99;21;36;21;17;54;29;88;76;06;27;73;29;08;56;19;26;36;22;39;09;80;02;79;
20210501;65;56;37;10;28;68;52;99;93;41;81;13;40;21;89;40;67;11;20;28;89;20;11;89;15;48;57;
20210502;78;73;86;79;10;13;59;97;33;05;88;99;52;69;69;70;43;64;01;75;13;61;98;76;34;85;13;
20210503;25;91;16;87;56;41;03;88;72;29;81;17;68;40;28;36;37;74;66;12;49;60;72;61;16;83;47;
20210504;80;02;08;57;10;68;37;80;26;32;93;22;45;21;96;16;54;78;33;80;78;70;81;85;49;24;98;
20210505;66;76;36;33;88;46;69;43;36;29;44;63;02;89;72;22;79;75;31;61;40;17;44;56;90;15;53;
20210506;59;44;66;66;10;38;24;53;66;34;84;41;08;60;35;79;84;86;13;67;06;36;10;25;79;88;54;
20210507;47;87;20;82;52;83;68;17;27;92;95;10;38;31;56;53;86;39;45;21;27;27;43;55;80;13;71;
20210508;93;28;18;82;07;59;38;88;93;67;68;42;96;75;00;86;56;42;78;33;04;22;80;65;25;50;99;
20210509;69;98;46;55;49;87;66;99;04;94;11;48;46;36;42;84;06;58;72;60;01;12;15;12;50;05;13;
20210510;47;34;77;04;38;51;39;37;17;45;87;49;02;66;46;28;16;42;57;39;07;02;03;53;29;28;57;
20210511;70;13;69;08;83;56;20;86;54;72;36;86;82;52;18;06;50;83;13;04;26;58;51;21;04;47;74;
20210512;50;79;42;81;47;22;13;46;19;72;17;16;68;64;02;44;42;50;12;26;31;74;52;13;55;70;67;
20210513;64;31;20;83;39;61;47;88;19;78;96;99;12;65;05;81;18;44;91;91;17;33;88;09;33;02;23;
20210514;47;87;24;30;85;32;27;67;29;15;31;50;66;45;55;89;03;85;79;02;51;24;86;13;14;37;94;
20210515;25;95;04;64;77;41;08;87;45;93;48;76;58;21;15;63;80;29;77;11;52;19;93;94;16;55;43;
20210516;65;14;32;07;69;63;93;95;44;17;51;07;94;66;98;17;58;20;85;84;31;89;31;71;51;98;28;
20210517;26;54;36;91;54;94;47;55;21;67;41;10;59;13;35;19;63;41;44;88;73;91;79;26;83;98;18;
20210518;48;93;53;20;89;92;47;97;51;20;09;90;29;63;28;39;68;05;88;67;98;86;90;33;82;09;57;
20210519;72;23;08;86;04;19;92;23;71;87;70;46;58;36;39;59;81;72;40;93;26;31;99;01;80;65;12;
20210520;67;80;26;10;04;33;11;98;06;41;45;63;39;60;40;22;37;90;82;14;83;81;67;76;79;71;08;
20210521;23;49;91;82;75;02;53;54;89;51;37;47;09;07;00;95;92;65;67;04;84;74;02;33;34;46;29;
20210522;25;59;40;76;05;82;00;10;30;97;87;38;46;55;37;28;74;56;62;90;64;27;06;73;69;49;51;
20210523;29;27;10;97;49;69;64;10;32;57;53;13;66;41;74;35;45;49;35;22;60;87;57;36;58;07;65;
20210524;85;88;59;02;12;69;09;76;79;41;83;31;62;75;15;41;51;92;85;89;59;40;00;93;90;69;29;
20210525;71;12;20;00;61;43;20;29;49;14;44;65;83;79;66;52;62;82;83;65;98;80;84;44;23;85;86;
20210526;04;41;01;49;03;11;62;45;78;18;35;33;38;96;61;57;97;75;08;64;82;09;33;36;71;45;32;
20210527;03;78;09;29;47;93;95;72;47;59;31;77;81;43;02;79;20;34;40;72;92;99;79;18;05;74;78;
20210528;76;48;80;08;75;03;67;28;44;14;11;95;76;16;74;96;50;33;95;96;19;15;28;82;49;07;29;
20210529;87;46;50;72;44;92;95;00;32;13;87;13;96;14;40;99;64;75;73;87;71;15;56;88;14;41;75;
20210530;53;65;90;77;73;71;73;35;50;66;99;63;97;17;73;29;06;82;97;53;96;10;11;21;00;31;14;
20210531;50;27;74;60;10;50;60;89;41;75;62;07;01;67;59;75;80;45;06;21;40;76;61;31;45;94;77;
20210601;66;63;47;92;80;47;73;13;77;64;95;29;93;25;16;29;05;47;82;22;24;36;70;80;25;37;12;
20210602;14;84;77;76;26;39;04;17;53;21;79;14;07;48;42;46;03;52;03;44;61;32;07;17;16;78;74;
20210603;21;50;84;98;79;75;57;84;50;90;31;96;15;63;82;09;70;78;93;40;18;53;56;65;81;02;59;
20210604;30;24;78;21;54;98;42;94;41;17;02;68;25;73;16;22;23;64;10;60;16;10;19;41;94;20;71;
20210605;63;55;30;07;12;04;77;89;45;11;01;12;38;44;92;64;44;60;36;41;82;02;89;65;37;13;33;
20210606;63;48;52;43;09;14;63;06;09;99;33;89;07;69;45;55;39;21;99;93;82;60;36;91;21;18;88;
20210607;22;41;23;03;54;76;66;35;89;80;99;48;00;31;52;45;82;50;87;02;43;89;15;59;41;02;83;
20210608;66;43;08;59;39;04;05;24;61;90;98;55;74;91;23;44;19;64;41;26;25;66;01;67;98;93;95;
20210609;99;83;16;18;93;54;95;06;46;12;29;07;59;48;08;57;97;00;05;95;10;38;96;72;42;94;56;
20210610;79;82;43;96;32;18;43;98;50;36;57;40;35;45;65;74;08;67;06;61;09;42;35;42;84;68;13;
20210611;48;02;61;84;82;08;92;09;45;25;18;26;27;45;41;05;03;89;11;71;65;35;14;20;30;43;77;
20210612;83;55;57;01;66;64;03;23;67;39;35;18;01;46;99;60;49;22;04;17;76;56;19;38;86;00;84;
20210613;79;49;00;46;06;24;59;08;36;75;76;69;77;43;50;27;48;88;23;63;02;54;45;15;53;57;41;
20210614;46;34;21;32;90;21;86;75;23;75;25;54;13;76;44;06;40;45;46;89;55;70;36;51;48;80;77;
20210615;83;99;73;36;33;25;16;85;93;97;49;23;77;01;43;31;65;50;68;59;37;67;03;78;22;39;27;
20210616;22;86;15;98;95;84;90;55;47;22;22;88;99;56;91;10;11;49;22;71;12;41;04;03;33;49;99;
20210617;67;03;62;92;17;63;26;21;97;66;45;81;17;07;14;02;41;10;68;07;43;54;10;39;14;35;23;
20210618;61;52;30;06;63;29;79;80;65;19;67;54;37;21;32;94;08;03;52;13;47;87;55;08;63;91;38;
20210619;72;11;50;64;12;49;92;20;70;47;11;76;25;83;37;49;22;95;16;18;56;80;10;12;81;20;65;
20210620;99;75;23;82;18;03;78;01;80;75;43;05;15;35;33;04;85;60;90;14;70;87;31;48;68;67;26;
20210621;41;25;26;11;48;69;83;17;31;00;58;80;35;63;59;98;02;25;04;30;81;10;32;20;73;72;89;
20210622;05;58;86;80;52;02;98;32;18;99;01;96;20;30;45;18;73;47;79;42;46;09;96;17;68;58;60;
20210623;99;43;87;59;84;10;06;67;24;68;50;58;34;36;15;66;82;94;96;60;87;17;33;32;17;41;54;
20210624;79;28;10;82;19;94;22;59;72;67;75;55;92;62;86;04;35;85;39;24;44;19;37;22;96;35;52;
20210625;85;75;03;90;64;15;71;94;85;74;03;35;05;38;52;49;33;60;25;56;35;19;15;96;29;22;81;
20210626;90;39;26;49;49;05;48;63;19;79;78;84;51;61;27;66;90;49;01;84;00;42;78;10;74;52;39;
20210627;87;64;96;40;24;85;98;45;84;16;34;68;15;63;01;30;97;60;81;74;50;30;36;37;75;78;70;
20210628;58;49;21;39;16;31;82;31;41;64;44;31;80;54;48;71;37;62;39;11;60;29;98;20;77;66;70;
20210629;91;19;07;60;74;24;58;17;98;85;48;78;24;83;47;39;07;46;29;43;52;77;30;65;19;27;09;
20210630;08;22;09;11;82;72;71;96;62;72;02;60;63;08;94;39;69;69;32;63;72;15;12;05;50;61;67;
20210701;75;81;30;32;07;70;78;13;10;46;19;61;31;30;85;50;34;95;31;63;96;80;19;58;81;43;93;
20210702;81;62;87;20;91;80;86;95;01;53;28;90;75;22;40;78;16;32;40;80;28;17;86;99;88;36;59;
20210703;42;45;59;04;88;85;47;54;41;83;67;34;04;66;40;45;89;48;52;37;18;45;44;48;69;44;49;
20210704;77;16;67;62;24;11;33;81;71;47;46;39;69;52;18;49;37;39;18;76;16;94;29;31;43;84;17;
20210705;01;12;42;39;81;47;39;95;90;68;97;70;15;18;45;28;24;28;52;04;57;68;16;84;89;26;88;
20210706;68;59;71;95;78;69;80;54;22;62;63;21;92;04;83;26;42;51;19;49;64;51;23;08;10;28;56;
20210707;89;67;85;90;04;59;98;18;12;04;08;35;30;83;22;67;06;82;42;21;19;44;21;57;27;74;49;
20210708;46;44;21;74;72;54;25;71;33;82;76;46;27;76;99;30;73;72;72;87;98;59;02;28;50;94;07;
20210709;60;85;21;03;05;57;62;03;69;79;81;78;09;74;77;71;18;49;29;97;21;64;55;75;05;97;99;
20210710;94;02;85;08;60;91;84;17;05;33;32;10;65;34;38;08;35;79;45;15;69;91;96;23;75;95;62;
20210711;94;51;04;38;21;55;35;55;63;85;56;94;20;41;77;40;07;01;69;98;85;07;42;83;62;33;49;
20210712;23;04;49;46;83;99;81;04;24;48;43;33;42;72;27;07;99;70;88;65;43;21;57;37;53;44;73;
20210713;07;75;01;54;90;97;35;25;48;64;94;45;30;13;93;93;06;18;61;56;36;94;89;95;89;75;63;
20210714;53;24;41;81;64;43;07;90;22;10;91;97;96;55;40;31;39;34;64;31;50;46;65;31;29;47;91;
20210715;57;16;36;48;09;16;96;52;16;32;93;35;04;11;02;77;70;61;23;87;54;82;87;05;80;23;03;
20210716;82;24;08;31;09;85;20;42;14;27;76;72;56;19;95;20;11;62;10;39;15;14;60;96;87;94;66;
20210717;79;46;53;65;30;49;38;67;35;48;48;36;86;02;47;70;42;44;47;46;18;44;97;90;99;10;19;
20210718;72;67;03;93;88;73;29;11;03;21;12;07;44;44;25;44;75;42;80;68;56;03;30;64;08;83;02;
20210719;33;77;46;89;43;79;33;32;29;87;82;39;90;76;18;32;39;37;27;46;23;01;90;69;42;11;01;
20210720;36;56;02;68;71;17;50;72;99;82;81;22;00;81;18;80;42;37;52;38;62;22;78;45;55;81;73;
20210721;88;75;32;82;04;46;90;33;52;37;56;53;02;06;99;96;36;63;81;84;88;36;31;93;11;68;18;
20210722;66;10;79;10;03;20;93;74;66;96;63;00;27;70;10;46;31;23;77;88;33;49;46;13;71;97;14;
20210723;24;38;44;96;78;01;75;38;47;43;35;32;24;48;72;66;02;03;97;66;85;40;99;29;84;34;30;
20210724;96;85;35;16;08;75;55;99;75;48;63;44;17;83;69;39;97;63;02;11;00;45;96;92;22;19;60;
20210725;80;71;56;42;80;96;56;73;99;14;52;56;95;43;52;05;09;94;73;34;08;59;35;03;98;25;19;
20210726;91;39;21;24;88;90;96;84;30;67;31;63;03;08;80;77;15;60;33;14;87;64;54;36;12;76;78;
20210727;71;44;82;08;35;25;77;96;64;87;67;86;29;77;03;53;98;55;74;97;63;86;84;92;96;02;07;
20210728;98;20;39;23;22;99;61;71;46;46;31;68;84;42;66;13;28;15;25;75;55;39;52;62;82;42;31;
20210729;26;16;58;15;44;09;94;37;71;08;12;33;92;17;37;84;06;76;85;36;52;72;90;91;50;79;69;
20210730;15;66;50;55;18;07;63;54;36;35;72;21;53;68;27;35;79;59;65;50;29;28;15;72;86;43;82;
